{
    "formatVersion": 1,
    "game": "minecraft",
    "versionId": "5.9.2",
    "name": "Fabulously Optimized",
    "summary": "Improve your graphics and performance with this simple modpack.",
    "files": [
        {
            "path": "mods/animatica-0.6+1.20.jar",
            "hashes": {
                "sha1": "3bcb19c759f313e69d3f7848b03c48f15167b88d",
                "sha512": "7d50f3f34479f8b052bfb9e2482603b4906b8984039777dc2513ecf18e9af2b599c9d094e88cec774f8525345859e721a394c8cd7c14a789c9538d2533c71d65"
            },
            "downloads": [
                "https://cdn.modrinth.com/data/PRN43VSY/versions/uNgEPb10/animatica-0.6%2B1.20.jar"
            ],
            "fileSize": 69810
        },
        {
            "path": "mods/bettermounthud-1.2.2.jar",
            "hashes": {
                "sha1": "6942fb39ca2e87208b0b0630a5efc4511c82dcf4",
                "sha512": "1275717f84ece63f59714162a68b4e19ca626f843acefbfca49f4d446665559edd007db20cf4e66abf9ff1e76fe05f36bf5ca88fb1e63ef78c15a6b7fef01bb6"
            },
            "downloads": [
                "https://cdn.modrinth.com/data/kqJFAPU9/versions/h1QpxElt/bettermounthud-1.2.2.jar"
            ],
            "fileSize": 21587
        },
        {
            "path": "mods/capes-1.5.3+1.20.2-fabric.jar",
            "hashes": {
                "sha1": "c1a62a847753d9ae039bff35050326a081d2e500",
                "sha512": "385be9c93aa4d4ed4e8225c9a1ca6c4dc93ed0dfd0d645b3760b7e4bf6288d7bc0d5cbe256c5faffc2b27e9db6905612b7153f56bcc463abfe9e2c66ec9c0b34"
            },
            "downloads": [
                "https://cdn.modrinth.com/data/89Wsn8GD/versions/dEq1ncBU/capes-1.5.3%2B1.20.2-fabric.jar",
                "https://github.com/CaelTheColher/Capes/releases/download/fabric-1.5.3%2B1.20.2/capes-1.5.3%2B1.20.2-fabric.jar"
            ],
            "fileSize": 209297
        },
        {
            "path": "mods/citresewn-1.1.5+1.20.4.jar",
            "hashes": {
                "sha1": "fd9917d408f2377af9ec5c9b84fa05b0db2e8666",
                "sha512": "cc29f8daa31b7c173b60d12db6c1a6d8f4b89b0ddae7538cab75f6be9fef062331d37ef8177c782371f470790074e452b891942ba304876baaa59722b4ee58f2"
            },
            "downloads": [
                "https://cdn.modrinth.com/data/otVJckYQ/versions/MU5nRGAS/citresewn-1.1.5%2B1.20.4.jar"
            ],
            "fileSize": 391814
        },
        {
            "path": "mods/cloth-config-13.0.121-fabric.jar",
            "hashes": {
                "sha1": "e20f396a937a09b686aa986c802643b9adbb311e",
                "sha512": "05a389ce4383c7b202e6aa7b37f39da01b6ee1f5b22dad076d528891b5ef8bcae335b2d7930b33b753ad34f1a61bae52f3447f74a4df6739239344674b59b0c5"
            },
            "downloads": [
                "https://cdn.modrinth.com/data/9s6osm5g/versions/eBZiZ9NS/cloth-config-13.0.121-fabric.jar"
            ],
            "fileSize": 1142084
        },
        {
            "path": "mods/continuity-3.0.0-beta.4+1.20.2.jar",
            "hashes": {
                "sha1": "f9eaa5fc75d2747dbe14818dfde04eaf7152ae3c",
                "sha512": "e8fde231301571ee75695bcd8ceb69db77192551217d8c65d8587d4f114b241112f06b39f82d84c3a13c98c42be6666a9a207890340413441fbe91237f56fbcf"
            },
            "downloads": [
                "https://cdn.modrinth.com/data/1IjD5062/versions/JXhQlDZl/continuity-3.0.0-beta.4%2B1.20.2.jar"
            ],
            "fileSize": 1050675
        },
        {
            "path": "mods/Controlify-2.0.0-beta.3+1.20.4.jar",
            "hashes": {
                "sha1": "455aa31c1869d07846a9171b25a86a16cab7f500",
                "sha512": "34245dadc55f254b517bf9c820b83107c50d42709e6ff54c792cf7a80ff3211471f039e6dcc01894a63eac65cdb5770c24db858c0be1485af5dd63f3816a5d92"
            },
            "downloads": [
                "https://cdn.modrinth.com/data/DOUdJVEm/versions/im0SBR8Y/Controlify-2.0.0-beta.3%2B1.20.4.jar"
            ],
            "fileSize": 2529988
        },
        {
            "path": "mods/cubes-without-borders-1.1.0+1.20.jar",
            "hashes": {
                "sha1": "e54a2c4b4817efb93a2ce7cb78bf8a2d1136b6cd",
                "sha512": "25aeed75a51668271649fe67c265caa47318eeb221e3535a1ebc8df8d2220be933505b158517099f9ae3ffb1ca4d2f5df3f466442e371f42afba1dc866945221"
            },
            "downloads": [
                "https://cdn.modrinth.com/data/ETlrkaYF/versions/IQtaUFAv/cubes-without-borders-1.1.0%2B1.20.jar",
                "https://github.com/Kir-Antipov/cubes-without-borders/releases/download/1.1.0%2B1.20/cubes-without-borders-1.1.0%2B1.20.jar"
            ],
            "fileSize": 39258
        },
        {
            "path": "mods/Debugify-1.20.4+1.1.jar",
            "hashes": {
                "sha1": "248cd69236eed33faca6a08c4ba535c7249a0528",
                "sha512": "acfc53fb695196275745c0134b45cfac5c8414a2446b86955078e469f9603f74dc940c5483385277cd74db110f7852d09822a31301c31cb273d3831eb8ab13ab"
            },
            "downloads": [
                "https://cdn.modrinth.com/data/QwxR6Gcd/versions/aQYNRsGo/Debugify-1.20.4%2B1.1.jar",
                "https://github.com/isXander/Debugify/releases/download/1.20.4%2B1.1/Debugify-1.20.4%2B1.1.jar"
            ],
            "fileSize": 270096
        },
        {
            "path": "mods/dynamic-fps-3.4.2+minecraft-1.20.4-fabric.jar",
            "hashes": {
                "sha1": "9e20b9ac6a068615355905b7e10f60d64acd0ccc",
                "sha512": "21a4dbad37ec81db0cd055e404aeed1a51a01f6862994002a6b2e9cb2787e1d44c419f3add77d96f39478b01c48f0abf1e8d2d6c19a4d6d40bb9837859a1a78c"
            },
            "downloads": [
                "https://cdn.modrinth.com/data/LQ3K71Q1/versions/shfvdKKK/dynamic-fps-3.4.2%2Bminecraft-1.20.4-fabric.jar"
            ],
            "fileSize": 98796
        },
        {
            "path": "mods/e4mc-4.0.1+1.19.4-fabric.jar",
            "hashes": {
                "sha1": "458253f15e3c5bb0d5354f42f3eedc5b1a71472c",
                "sha512": "6dc10427ae9df71562ab948bb6b2502219bb5c37f58cc265390d9e311fc2b442a403440bb63953c6623777792d0c5cbafe0d894faa1c4cac282169d2000b22a3"
            },
            "downloads": [
                "https://cdn.modrinth.com/data/qANg5Jrr/versions/vVFlVRt7/e4mc-4.0.1%2B1.19.4-fabric.jar"
            ],
            "fileSize": 275794
        },
        {
            "path": "mods/enhancedblockentities-0.9.1+1.20.2.jar",
            "hashes": {
                "sha1": "7d40ccbc5355602325ad3e633592441a63a3999a",
                "sha512": "c6f2c68254624d3add2645766b5ceb467bba9931d5ef357d0d580352b12ed102ce33818be4ca318e97edb34eeb771672b81725f9aee75114e4eb508c8a05396d"
            },
            "downloads": [
                "https://cdn.modrinth.com/data/OVuFYfre/versions/eIFo7wvq/enhancedblockentities-0.9.1%2B1.20.2.jar"
            ],
            "fileSize": 492605
        },
        {
            "path": "mods/entityculling-fabric-1.6.4-mc1.20.4.jar",
            "hashes": {
                "sha1": "ee3804cc07063cc5f67a3c9ed79bd8f2fbefab44",
                "sha512": "2506bfffb1c6335889d7f33ea8018d7100fbaf5f983b95747894d58d7ef7ed0b4b77ef4f74824b5d798a87cc6acfbc6538dd5fef265625302e159056644b5a00"
            },
            "downloads": [
                "https://cdn.modrinth.com/data/NNAgCjsB/versions/7JR5qJ8f/entityculling-fabric-1.6.4-mc1.20.4.jar",
                "https://github.com/tr7zw/EntityCulling/releases/download/1.6.4-1.20.4/entityculling-fabric-1.6.4-mc1.20.4.jar"
            ],
            "fileSize": 59582
        },
        {
            "path": "mods/entity_model_features_fabric_1.20.4-1.3.jar",
            "hashes": {
                "sha1": "fa2a10cafa469d6eb0bfd9e7107b717007a83c62",
                "sha512": "48c4faf9786d064ef11f16eff98ca157463fc3badf6efb16479d7cf394b356d0436a27576a2026f9a06009190d71b0571158c54742e0d3dfc5f5875aeaf055a1"
            },
            "downloads": [
                "https://cdn.modrinth.com/data/4I1XuqiY/versions/bwjbN1G7/entity_model_features_fabric_1.20.4-1.3.jar"
            ],
            "fileSize": 347117
        },
        {
            "path": "mods/entity_texture_features_fabric_1.20.4-5.2.3.jar",
            "hashes": {
                "sha1": "a4ffc065af0c37098ae128de505fc9689f74b9ff",
                "sha512": "40462d382813afc0901792ea889b4c66c67d3a8fe8d4e114e91c4e81920a60e54040ae6b8257544f171cd315364179e35c92908b660438ab0ebfe966505164e0"
            },
            "downloads": [
                "https://cdn.modrinth.com/data/BVzZfTc1/versions/qMoPCh9Z/entity_texture_features_fabric_1.20.4-5.2.3.jar"
            ],
            "fileSize": 449202
        },
        {
            "path": "mods/fabric-api-0.97.0+1.20.4.jar",
            "hashes": {
                "sha1": "006fcd4bd735279a7a9ad496578a0f4fda194918",
                "sha512": "1b4230e5bbc7dad540170cac1cee2b6d372cfa08beea9ddfaef90665295ce2c4d6d77f88688b7934bb91529d2fccab1ab7022652d7b52944b57175fbe133ab50"
            },
            "downloads": [
                "https://cdn.modrinth.com/data/P7dR8mSH/versions/xklQBMta/fabric-api-0.97.0%2B1.20.4.jar"
            ],
            "fileSize": 2187067
        },
        {
            "path": "mods/fabric-language-kotlin-1.10.19+kotlin.1.9.23.jar",
            "hashes": {
                "sha1": "d8a8a5a4f1289e9b4d65f9551c32fbdf56b4f162",
                "sha512": "0c31443b5061d85787de452d1dc0196a0e3391146aa5f030ef5fa95558b0f2b2bb9a0613fc0e5621e9d796d06e717fef0d0c98046f4ead04d150e0eb2d19abdc"
            },
            "downloads": [
                "https://cdn.modrinth.com/data/Ha28R6CL/versions/ZMokinzs/fabric-language-kotlin-1.10.19%2Bkotlin.1.9.23.jar",
                "https://github.com/FabricMC/fabric-language-kotlin/releases/download/1.10.19%2Bkotlin.1.9.23/fabric-language-kotlin-1.10.19%2Bkotlin.1.9.23.jar"
            ],
            "fileSize": 6734779
        },
        {
            "path": "mods/fabricskyboxes-0.7.3+mc1.20.2.jar",
            "hashes": {
                "sha1": "6ce1e8f99a901fd2e4e5f84d529e60f425b172ca",
                "sha512": "a8c3ccfe3e72263b580955607ed78e69c2a4646d82c766377bd2cb7f13b0b7fcdcd60120000e4299a839f5588346a871deeab02ff050501dec9e420b625bca0e"
            },
            "downloads": [
                "https://cdn.modrinth.com/data/YBz7DOs8/versions/XGzaAlX8/fabricskyboxes-0.7.3%2Bmc1.20.2.jar"
            ],
            "fileSize": 207267
        },
        {
            "path": "mods/fabrishot-1.12.1.jar",
            "hashes": {
                "sha1": "c348c0966a2169a67f6a40f80a85c699104a8642",
                "sha512": "b9dd8ec0dc7d78ca3b339c20428ab12e7fd099873f418a22d02d91a3605c9f47260bcbcc5977d19c4b5049eb8f69557c2157f83c96b1e1b90f7395ea6f44f675"
            },
            "downloads": [
                "https://cdn.modrinth.com/data/3qsfQtE9/versions/crC7YOpw/fabrishot-1.12.1.jar",
                "https://github.com/ramidzkh/fabrishot/releases/download/1.12.1/fabrishot-1.12.1.jar"
            ],
            "fileSize": 51064
        },
        {
            "path": "mods/fastquit-3.0.0+1.20.4.jar",
            "hashes": {
                "sha1": "c1340863cc8d61219785c16163156dc748a70763",
                "sha512": "88cedc8a360b3ba08d37cf5d3963a5fe089aaffc37f1123ba1d157362f5514dee773b8b9c048cebf0dfa528b6d895a02741ab9f2c2c7c6b2e52b58ba474bb4d5"
            },
            "downloads": [
                "https://cdn.modrinth.com/data/x1hIzbuY/versions/vOAKK0JB/fastquit-3.0.0%2B1.20.4.jar"
            ],
            "fileSize": 59105
        },
        {
            "path": "mods/ferritecore-6.0.3-fabric.jar",
            "hashes": {
                "sha1": "f2bbb773f4213d36201b76820f206e2a6f213c0c",
                "sha512": "709ab6362dd1dcc432edd1e6c33aafba6f2d12be701bc14911107340f8ac2466779c4e57d8a303f0350c46478f23008e6eeca78e4eadedd0bdee63d4ae72ed9a"
            },
            "downloads": [
                "https://cdn.modrinth.com/data/uXXizFIs/versions/pguEMpy9/ferritecore-6.0.3-fabric.jar"
            ],
            "fileSize": 125100
        },
        {
            "path": "mods/fsb-interop-1.3.6+mc1.20.2-build.52.jar",
            "hashes": {
                "sha1": "f7c17f6c6bc49f5078e9631019f544b4dd696420",
                "sha512": "4b11848227025272096184472d221da5c92f8ea0384fc63a1c9ff7813799ddd6119f2cbb93853658debc138aee6ee3c7f99a1a5ff20f3008791d1be8fe516d30"
            },
            "downloads": [
                "https://cdn.modrinth.com/data/HpdHOPOp/versions/Y9X3wWP7/fsb-interop-1.3.6%2Bmc1.20.2-build.52.jar"
            ],
            "fileSize": 49488
        },
        {
            "path": "mods/ImmediatelyFast-Fabric-1.2.11+1.20.4.jar",
            "hashes": {
                "sha1": "71cff4c39487def96292cd8f5bef37795fbfbc31",
                "sha512": "8b8f4cbe163341b88023479ecf5e4c7388939e8bdd6c74760bf0b804e9ea6a0b799f2a0b5a9b7216dca7a3dc68f5d416ee78c4db1c885a80f6ec6b59ca5fc4b4"
            },
            "downloads": [
                "https://cdn.modrinth.com/data/5ZwdcRci/versions/FEOsWs1E/ImmediatelyFast-Fabric-1.2.11%2B1.20.4.jar",
                "https://github.com/RaphiMC/ImmediatelyFast/releases/download/v1.2.11/ImmediatelyFast-Fabric-1.2.11%2B1.20.4.jar"
            ],
            "fileSize": 222646
        },
        {
            "path": "mods/indium-1.0.30+mc1.20.4.jar",
            "hashes": {
                "sha1": "b24233f29c0ce4802c61ea8998e01e6e4580ae60",
                "sha512": "3b9c9beef42f72bc75094595c92038c38e36fcde75890c73ced01aed4fb2a8a85cddb8edd2aa91ea6ed2dd41f8afedaa3dbca8f70c716197a7f2ee5b26060562"
            },
            "downloads": [
                "https://cdn.modrinth.com/data/Orvt0mRa/versions/Aouse6P7/indium-1.0.30%2Bmc1.20.4.jar",
                "https://github.com/comp500/Indium/releases/download/1.0.30%2Bmc1.20.4/indium-1.0.30%2Bmc1.20.4.jar"
            ],
            "fileSize": 104805
        },
        {
            "path": "mods/iris-mc1.20.4-1.6.17.jar",
            "hashes": {
                "sha1": "42e06f32cd7036c10d69564a64ce1d08afe3c613",
                "sha512": "2a9b725a720296b23666e7443ed23c37172ece3f0678457fb8b204a287cbe1d03726ddcfb20f3fbc2bd5e6cd8d1d74e80817b374b93db0c95537859b4e1b3ad1"
            },
            "downloads": [
                "https://cdn.modrinth.com/data/YL57xq9U/versions/kGdJ11Rt/iris-mc1.20.4-1.6.17.jar"
            ],
            "fileSize": 2421865
        },
        {
            "path": "mods/lambdynamiclights-2.3.4+1.20.4.jar",
            "hashes": {
                "sha1": "b44b10647f170732825b28d8ff44735ae31e3837",
                "sha512": "fe30491cf6f94c9672aa8a3941231773349268da7e06108d98e43f59d9c0323cbb5cebd9fabfde52bcd01dd061a4ffb2a69e02f8203aeb13f8a7fd4e8d0a3cdb"
            },
            "downloads": [
                "https://cdn.modrinth.com/data/yBW8D80W/versions/mrQ8ZiyU/lambdynamiclights-2.3.4%2B1.20.4.jar"
            ],
            "fileSize": 568669
        },
        {
            "path": "mods/language-reload-1.5.10+1.20.3.jar",
            "hashes": {
                "sha1": "65ca8e5379306733f90e76d497d0f34597ca61e7",
                "sha512": "423dfa3802ed1c9e1caaea8934af7cf24c9fba84695a9e8f5479a4f1a100a3abf8d07add87352ec69cb861cdb31db4b2b233c2c9d64acbe3fdc71612fe59a1bc"
            },
            "downloads": [
                "https://cdn.modrinth.com/data/uLbm7CG6/versions/SSvudGpI/language-reload-1.5.10%2B1.20.3.jar",
                "https://github.com/Jerozgen/LanguageReload/releases/download/1.5.10%2B1.20.3/language-reload-1.5.10%2B1.20.3.jar"
            ],
            "fileSize": 200750
        },
        {
            "path": "mods/lithium-fabric-mc1.20.4-0.12.1.jar",
            "hashes": {
                "sha1": "4a0744beb2246d93cb475d21a5a53faa556956e0",
                "sha512": "70bea154eaafb2e4b5cb755cdb12c55d50f9296ab4c2855399da548f72d6d24c0a9f77e3da2b2ea5f47fa91d1258df4d08c6c6f24a25da887ed71cea93502508"
            },
            "downloads": [
                "https://cdn.modrinth.com/data/gvQqBUqZ/versions/nMhjKWVE/lithium-fabric-mc1.20.4-0.12.1.jar",
                "https://github.com/CaffeineMC/lithium-fabric/releases/download/mc1.20.4-0.12.1/lithium-fabric-mc1.20.4-0.12.1.jar"
            ],
            "fileSize": 716022
        },
        {
            "path": "mods/main-menu-credits-1.1.2.jar",
            "hashes": {
                "sha1": "771eb704928c6d3e9fdf0e7971ba7d97305e09dd",
                "sha512": "ffd34a0fb7d0eda309af8deb0a06cae8c367e954e4452fef50a25bf2e3639aa998b4d1dcf0f74be61e51d7ccca175a80631927878a07103ca9da40492fd43467"
            },
            "downloads": [
                "https://cdn.modrinth.com/data/qJDfP7WN/versions/hWX5REu6/main-menu-credits-1.1.2.jar",
                "https://github.com/isXander/main-menu-credits/releases/download/1.1.2/main-menu-credits-1.1.2.jar"
            ],
            "fileSize": 14340
        },
        {
            "path": "mods/mixintrace-1.1.1+1.17.jar",
            "hashes": {
                "sha1": "7fbb0130db0e427ee7180d304dfa65c46f0e3b69",
                "sha512": "ea9034b60bc1c64629a9bcad2e619907692fe6e7464026236c55cc5a4892a20d21dd6318ad0380ab2ec245f7077939b6717d2ed58e00708c17470be14f5e0b5f"
            },
            "downloads": [
                "https://cdn.modrinth.com/data/sGmHWmeL/versions/1.1.1%2B1.17/mixintrace-1.1.1%2B1.17.jar",
                "https://github.com/comp500/mixintrace/releases/download/1.1.1%2B1.17/mixintrace-1.1.1%2B1.17.jar"
            ],
            "fileSize": 36039
        },
        {
            "path": "mods/ModDetectionPreventer+1.20.4-1.2.0.jar",
            "hashes": {
                "sha1": "155dfba649bb6fedf15c706aced78eb0ced5b097",
                "sha512": "1eafdd0d86f5e597110b01f8539d2786a7f6e5a821e3f0abb9bd7c42abb8c1a65c52562e0b4f5b072a41e854e36da191fb241850d930ea379b0876c0fc111013"
            },
            "downloads": [
                "https://cdn.modrinth.com/data/lnxQbnYZ/versions/F2xrsB2S/ModDetectionPreventer%2B1.20.4-1.2.0.jar",
                "https://github.com/JustAlittleWolf/ModDetectionPreventer/releases/download/1.2.0/ModDetectionPreventer%2B1.20.4-1.2.0.jar"
            ],
            "fileSize": 52814
        },
        {
            "path": "mods/modelfix-1.14-fabric.jar",
            "hashes": {
                "sha1": "7c6a38565820d9c1941eb9d1aadaae75cb11ed8b",
                "sha512": "892fcccb853e097c3bc11b7205ccd7e99432a6eefee0a6803432d2aa91411eaf0ade9efbd301f5b6991e9efa265cacf67f67518181c3bd2e1ab178e76a4b18c9"
            },
            "downloads": [
                "https://cdn.modrinth.com/data/QdG47OkI/versions/r6uVoUxU/modelfix-1.14-fabric.jar"
            ],
            "fileSize": 65430
        },
        {
            "path": "mods/modernfix-fabric-5.16.1+mc1.20.4.jar",
            "hashes": {
                "sha1": "8b4bb254612b8f924edd5a2724d485873c8b08d8",
                "sha512": "592e7446fbe96beea1fda0b7d3b7076382ca26a7f905ddb90d4fa222cb920f19b9d5efc69d66b5d293ac8e00e718b89f62fe99885c7d8100e8d4299aaf8760fa"
            },
            "downloads": [
                "https://cdn.modrinth.com/data/nmDcB62a/versions/EL78UqrQ/modernfix-fabric-5.16.1%2Bmc1.20.4.jar"
            ],
            "fileSize": 458016
        },
        {
            "path": "mods/modmenu-9.0.0.jar",
            "hashes": {
                "sha1": "eb09a3b6668407df4ad9b24849d52a38c448877e",
                "sha512": "62ae3152d6dfd2745b95a6572f085bf8deb708d183a4234e6f72ae7b07f05a787454d4f289cee96d4e0f7efab026ed6073659d1aebb87530abeb7ddcfc0fe40b"
            },
            "downloads": [
                "https://cdn.modrinth.com/data/mOgUt4GM/versions/sjtVVlsA/modmenu-9.0.0.jar"
            ],
            "fileSize": 724484
        },
        {
            "path": "mods/morechathistory-1.3.0.jar",
            "hashes": {
                "sha1": "346cce5cb5d89e676d8ed0dca05522369063b3c3",
                "sha512": "b8c097418f9b60b3dce19e6f0a5d2f7ca864f7ac543e589061c898fec141df147296c199fec71f52a5d5d078a6f9ff891704f9d81dcab8653d80885adb551726"
            },
            "downloads": [
                "https://cdn.modrinth.com/data/8qkXwOnk/versions/PLfxrDkh/morechathistory-1.3.0.jar"
            ],
            "fileSize": 3546
        },
        {
            "path": "mods/moreculling-1.20.4-0.23.1.jar",
            "hashes": {
                "sha1": "6003a87e848fac99c8fe856e7f70fe4b7653220c",
                "sha512": "ac389f0a132eb8db24e4f397683769f873b07c61b914a06293ec8ff2f20b9341db9a973fd23aef14aa5fe1f5942bd0f6d59596ef77243718f8abea57ed842a7f"
            },
            "downloads": [
                "https://cdn.modrinth.com/data/51shyZVL/versions/gZW2FlFT/moreculling-1.20.4-0.23.1.jar"
            ],
            "fileSize": 272244
        },
        {
            "path": "mods/NoChatReports-FABRIC-1.20.4-v2.5.0.jar",
            "hashes": {
                "sha1": "4108d959727fde432620693c2e271b4be81e5591",
                "sha512": "123501578045a30e7730530deeedebd7aae611c10d69359ba6d90aa53651455e8d08e86c4ef84242b18147eaa54775b4d06e57c1eae43a9f357bceb15a65a5ed"
            },
            "downloads": [
                "https://cdn.modrinth.com/data/qQyHxfxd/versions/tfv6A4l5/NoChatReports-FABRIC-1.20.4-v2.5.0.jar"
            ],
            "fileSize": 721079
        },
        {
            "path": "mods/optigui-2.1.7.jar",
            "hashes": {
                "sha1": "47040b4c65b6381ca61bc3af61fee4df279b5eec",
                "sha512": "d4b32aafbb4a1939476636906bd9fefaae23f7bd83ca39a94071a58fad3603d2efb3656c811291f68017f053b0f8aaf471d470fe4b9d5de21f256dfbbede76fa"
            },
            "downloads": [
                "https://cdn.modrinth.com/data/JuksLGBQ/versions/xpfegZsE/optigui-2.1.7.jar",
                "https://github.com/opekope2/OptiGUI/releases/download/2.1.7/optigui-2.1.7.jar"
            ],
            "fileSize": 780572
        },
        {
            "path": "mods/paginatedadvancements-2.4.2.jar",
            "hashes": {
                "sha1": "93d5b01496f920f58631e10670260bec5388ce30",
                "sha512": "ab9b60943a0f4e4d7f606becdfcf2a30f2193dc132693bc5073056cee6cd73762a5759db3df92ee90c3a8bee84ba669b0121e170d9b86a3aa71112ff12f8f49a"
            },
            "downloads": [
                "https://cdn.modrinth.com/data/pJogNFap/versions/SSrN6xCf/paginatedadvancements-2.4.2.jar"
            ],
            "fileSize": 70974
        },
        {
            "path": "mods/polytone-1.20.4-1.18.5-fabric.jar",
            "hashes": {
                "sha1": "e540f64068944a958fcff45e40340c02d258e5fd",
                "sha512": "b01f1dd9c623ad061db7aeb237e44ea14cd39cf82336486fc7e8c5029f57b5e51477c5dfa0407aff71cc67d64daa6318ab08449213ab266994295ad9c8b860e5"
            },
            "downloads": [
                "https://cdn.modrinth.com/data/3qAYkBMB/versions/1EbrNltt/polytone-1.20.4-1.18.5-fabric.jar"
            ],
            "fileSize": 428938
        },
        {
            "path": "mods/puzzle-1.6.1+1.20.4.jar",
            "hashes": {
                "sha1": "599f203de21541d4ff9dee52a007c0999fe95059",
                "sha512": "8dccc609d7fd64f265714dc788a7c3d4355e120ca9610ecc65e05924faf2b59a85a40a4feb9b23e5b26d75eaf60230edd53ede92d4fbaa720b2d7caba4ceca9a"
            },
            "downloads": [
                "https://cdn.modrinth.com/data/3IuO68q1/versions/1srBlHhv/puzzle-1.6.1%2B1.20.4.jar"
            ],
            "fileSize": 128303
        },
        {
            "path": "mods/reeses_sodium_options-1.7.2+mc1.20.4-build.102.jar",
            "hashes": {
                "sha1": "5e2f4ad814f34e2f55fda4efa30c878c5e573978",
                "sha512": "6b890d098ed7168714a35452ad30b0bb41f4539874e651717daa69e65f916667ff59c6dd1ecf4d49b9b406b0bf97c675d94dea5091eb44f0417b448ff5ac0948"
            },
            "downloads": [
                "https://cdn.modrinth.com/data/Bh37bMuy/versions/fkLiGoHs/reeses_sodium_options-1.7.2%2Bmc1.20.4-build.102.jar",
                "https://github.com/FlashyReese/reeses-sodium-options/releases/download/mc1.20.4-1.7.2/reeses_sodium_options-1.7.2%2Bmc1.20.4-build.102.jar"
            ],
            "fileSize": 77393
        },
        {
            "path": "mods/rrls-4.0.3+mc1.20.4-fabric.jar",
            "hashes": {
                "sha1": "602e3c95a4ec966b5bce5c077f50b69464fb01c9",
                "sha512": "7c2f9a46c8b5e277a22284dccb9cf6f256a5a4b8d6cb037c00b367655861a5c166cc08096694dd161e782d210cc33c60231f78449b8507a4ac1291d923ea5248"
            },
            "downloads": [
                "https://cdn.modrinth.com/data/ZP7xHXtw/versions/z7qf9qvt/rrls-4.0.3%2Bmc1.20.4-fabric.jar"
            ],
            "fileSize": 160909
        },
        {
            "path": "mods/sodium-extra-0.5.4+mc1.20.4-build.116.jar",
            "hashes": {
                "sha1": "5cdad24baaac7c254e07205aef6052946f4a5246",
                "sha512": "6db6380831823af00e9646969276a10ba8a82c78df3318af5b562e5c9975e4af7e463f689ef6182a75b52d56591cc0dc9bdfbaaf78c92bc5b415e06ca65fda90"
            },
            "downloads": [
                "https://cdn.modrinth.com/data/PtjYWJkn/versions/M0ndiav7/sodium-extra-0.5.4%2Bmc1.20.4-build.116.jar"
            ],
            "fileSize": 385665
        },
        {
            "path": "mods/sodium-fabric-0.5.8+mc1.20.4.jar",
            "hashes": {
                "sha1": "4c38d7b01660a27a98406767c613b3f28b6c9dfe",
                "sha512": "bd00b956bde1205171e744a6a3780e835fb6928eb667fb2b56467818c979fb1e8c82561380a71a7dbfa1516cd4b6cf9087ca99f1ae066da6d65af2c828b8d554"
            },
            "downloads": [
                "https://cdn.modrinth.com/data/AANobbMI/versions/4GyXKCLd/sodium-fabric-0.5.8%2Bmc1.20.4.jar"
            ],
            "fileSize": 949085
        },
        {
            "path": "mods/yet-another-config-lib-fabric-3.3.2+1.20.4.jar",
            "hashes": {
                "sha1": "9cbb8f3401160ec4422630bbf930208a898fe320",
                "sha512": "597073b3835ce1d4c0f9e4ba835bd565871fa49a8feee41b90213480a76d251e2a57a71729f132e4b908ef50a5602cff90c330da229db605014e26e856cfcbc8"
            },
            "downloads": [
                "https://cdn.modrinth.com/data/1eAoo2KR/versions/StXMrAsz/yet-another-config-lib-fabric-3.3.2%2B1.20.4.jar",
                "https://github.com/isXander/YetAnotherConfigLib/releases/download/3.3.2%2B1.20.4/yet-another-config-lib-fabric-3.3.2%2B1.20.4.jar"
            ],
            "fileSize": 979275
        },
        {
            "path": "mods/yosbr-0.1.2.jar",
            "hashes": {
                "sha1": "f0340e9c0bc95d67f3f3e9c1cd79b61054af11f9",
                "sha512": "254f2225f6446523aa8c8274e83b31e27f3b2afc8fe4f490fb1b169dd518e10c7993acda5db0ab597474ddf9d69506b5e794242fada1e2f89ed7bf9d412a8f78"
            },
            "downloads": [
                "https://cdn.modrinth.com/data/WwbubTsV/versions/KMOzdYko/yosbr-0.1.2.jar"
            ],
            "fileSize": 17373
        },
        {
            "path": "mods/Zoomify-2.13.2.jar",
            "hashes": {
                "sha1": "a3a76fcd4628ab6a2b329c80af15c7367409c806",
                "sha512": "05cd470d578cd05c11faeac44d4f2934856651792fe6a4d4aa919cd422835e0d27659cdc81335499d3df0eb61965a535da925a1c2d606faf46cdaa2c6285c5d9"
            },
            "downloads": [
                "https://cdn.modrinth.com/data/w7ThoJFB/versions/BalILUb7/Zoomify-2.13.2.jar",
                "https://github.com/isXander/Zoomify/releases/download/2.13.2/Zoomify-2.13.2.jar"
            ],
            "fileSize": 1059619
        },
        {
            "path": "resourcepacks/Chat Reporting Helper.zip",
            "hashes": {
                "sha1": "465bf897113e45af68c2e6c868db03848588868d",
                "sha512": "426f3649d1b870e9a9b15947faec1bdb55302c33edb0de335094f14d374c7681eae243c53aec622228a04b6ab1f8a61ece02f420ded0ac08727e456b2182af4a"
            },
            "downloads": [
                "https://cdn.modrinth.com/data/tN4E9NfV/versions/KWSVmakf/Chat%20Reporting%20Helper.zip"
            ],
            "fileSize": 57764
        },
        {
            "path": "resourcepacks/Fast Better Grass.zip",
            "hashes": {
                "sha1": "4ac330054c531096f53f0e09b3c5e0abac83522e",
                "sha512": "6f9c2b0db50a4d0dd03dd9b7e1069c875c383fc39853f27ae269051b4511f374162dac902ec7d27955237f70c7daf8758b16c038e8299558333c8ab5fb9e8ae3"
            },
            "downloads": [
                "https://cdn.modrinth.com/data/dspVZXKP/versions/dsyjkZFg/Fast%20Better%20Grass.zip"
            ],
            "fileSize": 10930
        },
        {
            "path": "resourcepacks/SodiumTranslations.zip",
            "hashes": {
                "sha1": "141e855f76a444bec32d24b5477dd637a4fe01b6",
                "sha512": "ee1740396070337c56009cd0d4a703a049b95c1a7da1c128ba9bb7ede8bd5857d5aaf7ba3212543ae7397a8354db183a8565818911148a5f89d4270ca383dcb7"
            },
            "downloads": [
                "https://cdn.modrinth.com/data/yfDziwn1/versions/jxHmg0uz/SodiumTranslations.zip"
            ],
            "fileSize": 185036
        }
    ],
    "dependencies": {
        "minecraft": "1.20.4",
        "fabric-loader": "0.15.10"
    }
}